{
    "lowk3y_": {
        "uuid": "7665f76f431b41c6b321bea16aff913b",
        "games": 285,
        "completions": 174,
        "win_loss": 2.72,
        "sb": 386801,
        "playtime": 158361254,
        "peak_elo": 2308,
        "elo": 2191,
        "avg": 568873,
        "seed": 7
    },
    "doogile": {
        "uuid": "3c8757790ab0400b8b9e3936e0dd535b",
        "games": 238,
        "completions": 161,
        "win_loss": 3.6,
        "sb": 410816,
        "playtime": 129979030,
        "peak_elo": 2416,
        "elo": 2390,
        "avg": 562318,
        "seed": 3
    },
    "Infume": {
        "uuid": "a54e3bc4c6354b07a236b81efbcfe791",
        "games": 557,
        "completions": 338,
        "win_loss": 2.5789473684210527,
        "sb": 412122,
        "playtime": 308511369,
        "peak_elo": 2464,
        "elo": 2315,
        "avg": 565075,
        "seed": 2
    },
    "bing_pigs": {
        "uuid": "92b63a39b36a445fa94c77ae212dcea3",
        "games": 475,
        "completions": 241,
        "win_loss": 1.6214689265536724,
        "sb": 439413,
        "playtime": 279778953,
        "peak_elo": 2303,
        "elo": 2303,
        "avg": 603541,
        "seed": 6
    },
    "hackingnoises": {
        "uuid": "7c92678742eb4e819f3122017697ae3d",
        "games": 71,
        "completions": 44,
        "win_loss": 3.1176470588235294,
        "sb": 435165,
        "playtime": 39971007,
        "peak_elo": 2185,
        "elo": 2164,
        "avg": 592961,
        "seed": 16
    },
    "DARVY__X1": {
        "uuid": "5a32f1e5609847c691c07730f973397c",
        "games": 844,
        "completions": 400,
        "win_loss": 1.3247126436781609,
        "sb": 411010,
        "playtime": 490812535,
        "peak_elo": 2237,
        "elo": 2237,
        "avg": 610369,
        "seed": 12
    },
    "Aquacorde": {
        "uuid": "253b53d832ab4bafb5ee0308d5164ccf",
        "games": 569,
        "completions": 269,
        "win_loss": 1.3347280334728033,
        "sb": 436518,
        "playtime": 341477025,
        "peak_elo": 2244,
        "elo": 2203,
        "avg": 629134,
        "seed": 9
    },
    "v_strid": {
        "uuid": "388533d5a2ad4b349a31db4738670a4b",
        "games": 2288,
        "completions": 1017,
        "win_loss": 1.2393669634025717,
        "sb": 410821,
        "playtime": 1318178899,
        "peak_elo": 2252,
        "elo": 2048,
        "avg": 630175,
        "seed": 14
    },
    "edcr": {
        "uuid": "635f35ee69ed4f0c94ff26ece4818956",
        "games": 1383,
        "completions": 745,
        "win_loss": 1.821802935010482,
        "sb": 430229,
        "playtime": 776277812,
        "peak_elo": 2491,
        "elo": 2430,
        "avg": 595658,
        "seed": 1
    },
    "Ranik_": {
        "uuid": "5ee577fdc1af45d3a6fb3e086cc293fb",
        "games": 763,
        "completions": 354,
        "win_loss": 1.3717948717948718,
        "sb": 448781,
        "playtime": 471807475,
        "peak_elo": 2271,
        "elo": 2251,
        "avg": 638545,
        "seed": 8
    },
    "7rowl": {
        "uuid": "70eb9286e3e24153a8b37c8f884f1292",
        "games": 253,
        "completions": 143,
        "win_loss": 2.3026315789473686,
        "sb": 445779,
        "playtime": 139002873,
        "peak_elo": 2272,
        "elo": 2272,
        "avg": 605980,
        "seed": 4
    },
    "silverrruns": {
        "uuid": "17e787d1d6374f818b294f2319db370d",
        "games": 439,
        "completions": 255,
        "win_loss": 2.072463768115942,
        "sb": 400578,
        "playtime": 250009310,
        "peak_elo": 2300,
        "elo": 2300,
        "avg": 585703,
        "seed": 5
    },
    "Feinberg": {
        "uuid": "9a8e24df4c8549d696a6951da84fa5c4",
        "games": 335,
        "completions": 183,
        "win_loss": 1.7131147540983607,
        "sb": 443273,
        "playtime": 194297774,
        "peak_elo": 2228,
        "elo": 2223,
        "avg": 603815,
        "seed": 11
    },
    "BeefSalad": {
        "uuid": "3b01d4b4fef14f178b75f05c04dd34ef",
        "games": 1769,
        "completions": 796,
        "win_loss": 1.2139175257731958,
        "sb": 379005,
        "playtime": 966409690,
        "peak_elo": 2249,
        "elo": 2249,
        "avg": 596758,
        "seed": 10
    },
    "KenanKardes": {
        "uuid": "0b164a03002048d3955715422179eedf",
        "games": 995,
        "completions": 474,
        "win_loss": 1.337378640776699,
        "sb": 407453,
        "playtime": 581144164,
        "peak_elo": 2268,
        "elo": 2224,
        "avg": 621196,
        "seed": 13
    },
    "TUDORULE": {
        "uuid": "78a8ec9f99d34371b73decd2a78ff9b0",
        "games": 696,
        "completions": 358,
        "win_loss": 1.3862068965517242,
        "sb": 424025,
        "playtime": 393107115,
        "peak_elo": 2257,
        "elo": 2037,
        "avg": 599283,
        "seed": 15
    }
}