{
    "absolute": {
        "ranked": {
            "overworld": [
                0.0,
                12.301,
                28.838,
                60.027,
                19068.504
            ],
            "nether": [
                0.0,
                3.268,
                9.0885,
                22.576,
                9347.826
            ],
            "bastion": [
                0.0,
                18.759,
                45.863,
                107.35300000000001,
                9260.71
            ],
            "fortress": [
                0.0,
                12.29425,
                27.729,
                53.93275,
                4286.916
            ],
            "blind": [
                0.0,
                15.35,
                35.378,
                73.852,
                4518.488
            ],
            "stronghold": [
                0.001,
                8.91,
                23.7275,
                57.115750000000006,
                2956.288
            ]
        },
        "playoffs": {
            "overworld": [
                0.008,
                5.301,
                11.13,
                21.147,
                115.23
            ],
            "nether": [
                0.008,
                1.854,
                4.679,
                10.668,
                187.965
            ],
            "bastion": [
                0.012,
                9.254999999999999,
                20.537,
                44.71425,
                648.976
            ],
            "fortress": [
                0.044,
                7.464,
                15.805,
                33.382000000000005,
                300.532
            ],
            "blind": [
                0.013,
                9.00675,
                22.122999999999998,
                42.017250000000004,
                237.708
            ],
            "stronghold": [
                0.015,
                5.00275,
                13.657,
                31.63225,
                271.146
            ]
        }
    },
    "proportion": {
        "ranked": {
            "overworld": [
                0.0,
                13.506,
                31.664,
                65.909,
                20936.886
            ],
            "nether": [
                0.0,
                11.938,
                33.2005,
                82.471,
                34147.928
            ],
            "bastion": [
                0.0,
                14.245,
                34.828,
                81.52175,
                7032.427
            ],
            "fort-blind": [
                0.0,
                12.079,
                27.603,
                57.258,
                3124.009
            ],
            "stronghold": [
                0.003,
                23.642,
                62.96,
                151.554,
                7844.394
            ]
        },
        "playoffs": {
            "overworld": [
                0.014,
                9.194,
                19.303,
                36.676,
                199.847
            ],
            "nether": [
                0.041,
                9.444,
                23.833,
                54.34,
                957.436
            ],
            "bastion": [
                0.014,
                10.4155,
                23.113,
                50.3225,
                730.377
            ],
            "fort-blind": [
                0.01,
                11.158750000000001,
                23.4555,
                42.7125,
                230.97
            ],
            "stronghold": [
                0.065,
                21.55075,
                58.831500000000005,
                136.26525,
                1168.043
            ]
        }
    }
}