{
    "ranked": {
        "ow": 182152.2457096421,
        "nether": 54749.008995540935,
        "bastion": 263371.66038464196,
        "fortress": 135410.4901596085,
        "blind": 162736.89445560376,
        "stronghold": 75373.26203418926,
        "fort-blind": 292550.0814125115
    },
    "po": {
        "ow": 115317.99853372434,
        "nether": 39264.23020527859,
        "bastion": 177709.75,
        "fortress": 102961.27796052632,
        "blind": 105871.33846153846,
        "stronghold": 46427.381313131315,
        "fort-blind": 205599.84807692308
    }
}